{
  "train_losses": [
    0.8643029011620333,
    0.8557241608802866,
    0.8504947453740926,
    0.7377590786365043,
    0.6451011189585134,
    0.605374300004034,
    0.5155198232946416,
    0.5210178524178163,
    0.3905451098417959,
    0.3087355418975985,
    0.24713557462987715,
    0.21455796781107925,
    0.20515803078716047,
    0.15,
    0.15
  ],
  "val_losses": [
    0.9980289833729262,
    0.9190392779959251,
    1.0135091094339825,
    0.7751287129379311,
    0.7094463370691673,
    0.6536621990909248,
    0.647840641745488,
    0.5406201615650591,
    0.3863379336384695,
    0.27026886114879495,
    0.2273891666456755,
    0.23461283022437956,
    0.2039869980128074,
    0.2,
    0.2
  ],
  "train_accuracies": [
    0.4537128981383491,
    0.5039565890199856,
    0.5722006985993888,
    0.6618450402935938,
    0.7168063141956024,
    0.7390871635451685,
    0.8057869114653845,
    0.8625941023095405,
    0.92,
    0.92,
    0.92,
    0.92,
    0.92,
    0.92,
    0.92
  ],
  "val_accuracies": [
    0.47416784061159695,
    0.4272174806900256,
    0.5237271062671317,
    0.5686512987412854,
    0.6849288486087599,
    0.6416682854915623,
    0.7645305903553141,
    0.7934400431839755,
    0.8549698597084882,
    0.88,
    0.8615396929244168,
    0.8783249676731494,
    0.8592292314465707,
    0.8596686022307481,
    0.88
  ],
  "config": {
    "epochs": 15,
    "learning_rate": 5e-05,
    "batch_size": 4,
    "lora_rank": 8,
    "lora_alpha": 32,
    "lora_dropout": 0.1,
    "description": "Baseline configuration"
  }
}