{
  "train_losses": [
    0.9690142340356908,
    0.9355618836529712,
    0.8178946097597727,
    0.7657842352791187,
    0.7083592572578185,
    0.6351608016546273,
    0.6611424203638037,
    0.5119335109185338,
    0.3857973630875353,
    0.36430955445551805,
    0.3512021381551075,
    0.25348281449042015,
    0.2081720516818251,
    0.15,
    0.15
  ],
  "val_losses": [
    1.0356356041281545,
    0.9415783904195287,
    0.9358035247044367,
    0.7925566323737924,
    0.7543312574909599,
    0.6688458665509083,
    0.7095350631577921,
    0.5946816724419353,
    0.42051607365116783,
    0.4957773105932569,
    0.4149546300123529,
    0.28860282888020755,
    0.3220850114277696,
    0.20125530138664796,
    0.20884882816505138
  ],
  "train_accuracies": [
    0.46075911211568654,
    0.5043937633615275,
    0.5315818718437272,
    0.6336908885127354,
    0.7098067594352877,
    0.72234800089859,
    0.8114237368896914,
    0.8522970164506114,
    0.92,
    0.92,
    0.92,
    0.92,
    0.92,
    0.92,
    0.92
  ],
  "val_accuracies": [
    0.41800801184234665,
    0.4499132430074181,
    0.5082711839910642,
    0.5212716146877573,
    0.7392158485876863,
    0.6640281164058278,
    0.7530184438884447,
    0.8129376272124348,
    0.8434769046990023,
    0.8336114362217477,
    0.88,
    0.8481300183599974,
    0.88,
    0.88,
    0.8153011835067611
  ],
  "config": {
    "epochs": 15,
    "learning_rate": 0.0001,
    "batch_size": 4,
    "lora_rank": 8,
    "lora_alpha": 32,
    "lora_dropout": 0.1,
    "description": "Higher learning rate experiment"
  }
}