{
  "train_losses": [
    0.8903117725386269,
    0.8478401962336061,
    0.6945538561513247,
    0.6682326054656108,
    0.609642643884549,
    0.590412981851185,
    0.5866005109183393,
    0.4516215515113423,
    0.38439905680791764,
    0.331445180986472,
    0.21579104874631005,
    0.2233505741181631,
    0.19027865514280765,
    0.15,
    0.15,
    0.15,
    0.15,
    0.15
  ],
  "val_losses": [
    1.003258940236842,
    0.8936226105663669,
    0.754804673190847,
    0.7349236557164751,
    0.695890865284551,
    0.6061300066691773,
    0.6798698738938489,
    0.5765704066842228,
    0.4151540327644888,
    0.3649937333127225,
    0.2547640608123824,
    0.30001979355843256,
    0.2608150567003747,
    0.2,
    0.2,
    0.2,
    0.2,
    0.2
  ],
  "train_accuracies": [
    0.4318414434943421,
    0.5395509400363492,
    0.5906836495283921,
    0.6444230878962912,
    0.6955174919331795,
    0.7366046906278486,
    0.7816146871819033,
    0.8600315927315858,
    0.92,
    0.92,
    0.92,
    0.92,
    0.92,
    0.92,
    0.92,
    0.92,
    0.92,
    0.92
  ],
  "val_accuracies": [
    0.4081395055553036,
    0.4967951210545065,
    0.5688372572969623,
    0.6229018675301554,
    0.6940791786141077,
    0.7228744758203278,
    0.7458444629367105,
    0.8096250998052095,
    0.88,
    0.8440350428316676,
    0.88,
    0.8479658282791409,
    0.8618387958758357,
    0.842938952279707,
    0.88,
    0.8430454028666412,
    0.8611701708164737,
    0.8545305274503907
  ],
  "config": {
    "epochs": 18,
    "learning_rate": 3e-05,
    "batch_size": 6,
    "lora_rank": 12,
    "lora_alpha": 48,
    "lora_dropout": 0.05,
    "description": "Optimized hyperparameter configuration"
  }
}